TOOLKIT	TOOL_ID	TOOL_NAME	FEATURE_COUNT	FEATURE_IDS
Data Toolkit	TOOL-0001	1.1 المصادر المدعومة	215	F-000030,F-000031,F-000032,F-000033,F-000034,F-000035,F-000036,F-000037,F-000038,F-000039,F-000040,F-000041,F-000042,F-000043,F-000044,F-000045,F-000046,F-000047,F-000048,F-000049,F-000050,F-000051,F-000052,F-000053,F-000054,F-000055,F-000056,F-000057,F-000058,F-000059,F-000060,F-000061,F-000062,F-000063,F-000064,F-000065,F-000066,F-000067,F-000068,F-000069,F-000070,F-000071,F-000072,F-000073,F-000074,F-000075,F-000076,F-000077,F-000078,F-000079,F-000080,F-000081,F-000082,F-000083,F-000084,F-000085,F-000086,F-000087,F-000088,F-000089,F-000090,F-000091,F-000092,F-000093,F-000094,F-000095,F-000096,F-000097,F-000098,F-000099,F-000100,F-000101,F-000102,F-000103,F-000104,F-000105,F-000106,F-000107,F-000108,F-000109,F-000110,F-000111,F-000112,F-000113,F-000114,F-000115,F-000116,F-000117,F-000118,F-000119,F-000120,F-000121,F-000122,F-000123,F-000124,F-000125,F-000126,F-000127,F-000128,F-000129,F-000130,F-000131,F-000132,F-000133,F-000134,F-000135,F-000136,F-000137,F-000138,F-000139,F-000140,F-000141,F-000142,F-000143,F-000144,F-000145,F-000146,F-000147,F-000148,F-000149,F-000150,F-000151,F-000152,F-000153,F-000154,F-000155,F-000156,F-000157,F-000158,F-000159,F-000160,F-000161,F-000162,F-000163,F-000164,F-000165,F-000166,F-000167,F-000168,F-000169,F-000170,F-000171,F-000172,F-000173,F-000174,F-000175,F-000176,F-000177,F-000178,F-000179,F-000180,F-000181,F-000182,F-000183,F-000184,F-000185,F-000186,F-000187,F-000188,F-000189,F-000190,F-000191,F-000192,F-000193,F-000194,F-000195,F-000196,F-000197,F-000198,F-000199,F-000200,F-000201,F-000202,F-000203,F-000204,F-000205,F-000206,F-000207,F-000208,F-000209,F-000210,F-000211,F-000212,F-000213,F-000214,F-000215,F-000216,F-000217,F-000218,F-000219,F-000220,F-000221,F-000222,F-000223,F-000224,F-000225,F-000226,F-000227,F-000228,F-000229,F-000230,F-000231,F-000232,F-000233,F-000234,F-000235,F-000236,F-000237,F-000238,F-000239,F-000240,F-000241,F-000242,F-000243,F-000244
Data Toolkit	TOOL-0002	1.2 القدرة الحجمية غير المحدودة	132	F-000245,F-000246,F-000247,F-000248,F-000249,F-000250,F-000251,F-000252,F-000253,F-000254,F-000255,F-000256,F-000257,F-000258,F-000259,F-000260,F-000261,F-000262,F-000263,F-000264,F-000265,F-000266,F-000267,F-000268,F-000269,F-000270,F-000271,F-000272,F-000273,F-000274,F-000275,F-000276,F-000277,F-000278,F-000279,F-000280,F-000281,F-000282,F-000283,F-000284,F-000285,F-000286,F-000287,F-000288,F-000289,F-000290,F-000291,F-000292,F-000293,F-000294,F-000295,F-000296,F-000297,F-000298,F-000299,F-000300,F-000301,F-000302,F-000303,F-000304,F-000305,F-000306,F-000307,F-000308,F-000309,F-000310,F-000311,F-000312,F-000313,F-000314,F-000315,F-000316,F-000317,F-000318,F-000319,F-000320,F-000321,F-000322,F-000323,F-000324,F-000325,F-000326,F-000327,F-000328,F-000329,F-000330,F-000331,F-000332,F-000333,F-000334,F-000335,F-000336,F-000337,F-000338,F-000339,F-000340,F-000341,F-000342,F-000343,F-000344,F-000345,F-000346,F-000347,F-000348,F-000349,F-000350,F-000351,F-000352,F-000353,F-000354,F-000355,F-000356,F-000357,F-000358,F-000359,F-000360,F-000361,F-000362,F-000363,F-000364,F-000365,F-000366,F-000367,F-000368,F-000369,F-000370,F-000371,F-000372,F-000373,F-000374,F-000375,F-000376
Data Toolkit	TOOL-0003	1.3 الاستيراد الذكي	148	F-000377,F-000378,F-000379,F-000380,F-000381,F-000382,F-000383,F-000384,F-000385,F-000386,F-000387,F-000388,F-000389,F-000390,F-000391,F-000392,F-000393,F-000394,F-000395,F-000396,F-000397,F-000398,F-000399,F-000400,F-000401,F-000402,F-000403,F-000404,F-000405,F-000406,F-000407,F-000408,F-000409,F-000410,F-000411,F-000412,F-000413,F-000414,F-000415,F-000416,F-000417,F-000418,F-000419,F-000420,F-000421,F-000422,F-000423,F-000424,F-000425,F-000426,F-000427,F-000428,F-000429,F-000430,F-000431,F-000432,F-000433,F-000434,F-000435,F-000436,F-000437,F-000438,F-000439,F-000440,F-000441,F-000442,F-000443,F-000444,F-000445,F-000446,F-000447,F-000448,F-000449,F-000450,F-000451,F-000452,F-000453,F-000454,F-000455,F-000456,F-000457,F-000458,F-000459,F-000460,F-000461,F-000462,F-000463,F-000464,F-000465,F-000466,F-000467,F-000468,F-000469,F-000470,F-000471,F-000472,F-000473,F-000474,F-000475,F-000476,F-000477,F-000478,F-000479,F-000480,F-000481,F-000482,F-000483,F-000484,F-000485,F-000486,F-000487,F-000488,F-000489,F-000490,F-000491,F-000492,F-000493,F-000494,F-000495,F-000496,F-000497,F-000498,F-000499,F-000500,F-000501,F-000502,F-000503,F-000504,F-000505,F-000506,F-000507,F-000508,F-000509,F-000510,F-000511,F-000512,F-000513,F-000514,F-000515,F-000516,F-000517,F-000518,F-000519,F-000520,F-000521,F-000522,F-000523,F-000524
Data Toolkit	TOOL-0004	1.4 تصنيف الملفات بالذكاء الاصطناعي	81	F-000525,F-000526,F-000527,F-000528,F-000529,F-000530,F-000531,F-000532,F-000533,F-000534,F-000535,F-000536,F-000537,F-000538,F-000539,F-000540,F-000541,F-000542,F-000543,F-000544,F-000545,F-000546,F-000547,F-000548,F-000549,F-000550,F-000551,F-000552,F-000553,F-000554,F-000555,F-000556,F-000557,F-000558,F-000559,F-000560,F-000561,F-000562,F-000563,F-000564,F-000565,F-000566,F-000567,F-000568,F-000569,F-000570,F-000571,F-000572,F-000573,F-000574,F-000575,F-000576,F-000577,F-000578,F-000579,F-000580,F-000581,F-000582,F-000583,F-000584,F-000585,F-000586,F-000587,F-000588,F-000589,F-000590,F-000591,F-000592,F-000593,F-000594,F-000595,F-000596,F-000597,F-000598,F-000599,F-000600,F-000601,F-000602,F-000603,F-000604,F-000605
Data Toolkit	TOOL-0005	1.5 القراءة التفاعلية	41	F-000606,F-000607,F-000608,F-000609,F-000610,F-000611,F-000612,F-000613,F-000614,F-000615,F-000616,F-000617,F-000618,F-000619,F-000620,F-000621,F-000622,F-000623,F-000624,F-000625,F-000626,F-000627,F-000628,F-000629,F-000630,F-000631,F-000632,F-000633,F-000634,F-000635,F-000636,F-000637,F-000638,F-000639,F-000640,F-000641,F-000642,F-000643,F-000644,F-000645,F-000646
Data Toolkit	TOOL-0006	1.6 مركز التحكم بالأعمدة	59	F-000647,F-000648,F-000649,F-000650,F-000651,F-000652,F-000653,F-000654,F-000655,F-000656,F-000657,F-000658,F-000659,F-000660,F-000661,F-000662,F-000663,F-000664,F-000665,F-000666,F-000667,F-000668,F-000669,F-000670,F-000671,F-000672,F-000673,F-000674,F-000675,F-000676,F-000677,F-000678,F-000679,F-000680,F-000681,F-000682,F-000683,F-000684,F-000685,F-000686,F-000687,F-000688,F-000689,F-000690,F-000691,F-000692,F-000693,F-000694,F-000695,F-000696,F-000697,F-000698,F-000699,F-000700,F-000701,F-000702,F-000703,F-000704,F-000705
Data Toolkit	TOOL-0007	1.7 إدارة الجداول	316	F-000706,F-000707,F-000708,F-000709,F-000710,F-000711,F-000712,F-000713,F-000714,F-000715,F-000716,F-000717,F-000718,F-000719,F-000720,F-000721,F-000722,F-000723,F-000724,F-000725,F-000726,F-000727,F-000728,F-000729,F-000730,F-000731,F-000732,F-000733,F-000734,F-000735,F-000736,F-000737,F-000738,F-000739,F-000740,F-000741,F-000742,F-000743,F-000744,F-000745,F-000746,F-000747,F-000748,F-000749,F-000750,F-000751,F-000752,F-000753,F-000754,F-000755,F-000756,F-000757,F-000758,F-000759,F-000760,F-000761,F-000762,F-000763,F-000764,F-000765,F-000766,F-000767,F-000768,F-000769,F-000770,F-000771,F-000772,F-000773,F-000774,F-000775,F-000776,F-000777,F-000778,F-000779,F-000780,F-000781,F-000782,F-000783,F-000784,F-000785,F-000786,F-000787,F-000788,F-000789,F-000790,F-000791,F-000792,F-000793,F-000794,F-000795,F-000796,F-000797,F-000798,F-000799,F-000800,F-000801,F-000802,F-000803,F-000804,F-000805,F-000806,F-000807,F-000808,F-000809,F-000810,F-000811,F-000812,F-000813,F-000814,F-000815,F-000816,F-000817,F-000818,F-000819,F-000820,F-000821,F-000822,F-000823,F-000824,F-000825,F-000826,F-000827,F-000828,F-000829,F-000830,F-000831,F-000832,F-000833,F-000834,F-000835,F-000836,F-000837,F-000838,F-000839,F-000840,F-000841,F-000842,F-000843,F-000844,F-000845,F-000846,F-000847,F-000848,F-000849,F-000850,F-000851,F-000852,F-000853,F-000854,F-000855,F-000856,F-000857,F-000858,F-000859,F-000860,F-000861,F-000862,F-000863,F-000864,F-000865,F-000866,F-000867,F-000868,F-000869,F-000870,F-000871,F-000872,F-000873,F-000874,F-000875,F-000876,F-000877,F-000878,F-000879,F-000880,F-000881,F-000882,F-000883,F-000884,F-000885,F-000886,F-000887,F-000888,F-000889,F-000890,F-000891,F-000892,F-000893,F-000894,F-000895,F-000896,F-000897,F-000898,F-000899,F-000900,F-000901,F-000902,F-000903,F-000904,F-000905,F-000906,F-000907,F-000908,F-000909,F-000910,F-000911,F-000912,F-000913,F-000914,F-000915,F-000916,F-000917,F-000918,F-000919,F-000920,F-000921,F-000922,F-000923,F-000924,F-000925,F-000926,F-000927,F-000928,F-000929,F-000930,F-000931,F-000932,F-000933,F-000934,F-000935,F-000936,F-000937,F-000938,F-000939,F-000940,F-000941,F-000942,F-000943,F-000944,F-000945,F-000946,F-000947,F-000948,F-000949,F-000950,F-000951,F-000952,F-000953,F-000954,F-000955,F-000956,F-000957,F-000958,F-000959,F-000960,F-000961,F-000962,F-000963,F-000964,F-000965,F-000966,F-000967,F-000968,F-000969,F-000970,F-000971,F-000972,F-000973,F-000974,F-000975,F-000976,F-000977,F-000978,F-000979,F-000980,F-000981,F-000982,F-000983,F-000984,F-000985,F-000986,F-000987,F-000988,F-000989,F-000990,F-000991,F-000992,F-000993,F-000994,F-000995,F-000996,F-000997,F-000998,F-000999,F-001000,F-001001,F-001002,F-001003,F-001004,F-001005,F-001006,F-001007,F-001008,F-001009,F-001010,F-001011,F-001012,F-001013,F-001014,F-001015,F-001016,F-001017,F-001018,F-001019,F-001020,F-001021
Data Toolkit	TOOL-0008	1.8 محرك المعالجة البصري	132	F-001022,F-001023,F-001024,F-001025,F-001026,F-001027,F-001028,F-001029,F-001030,F-001031,F-001032,F-001033,F-001034,F-001035,F-001036,F-001037,F-001038,F-001039,F-001040,F-001041,F-001042,F-001043,F-001044,F-001045,F-001046,F-001047,F-001048,F-001049,F-001050,F-001051,F-001052,F-001053,F-001054,F-001055,F-001056,F-001057,F-001058,F-001059,F-001060,F-001061,F-001062,F-001063,F-001064,F-001065,F-001066,F-001067,F-001068,F-001069,F-001070,F-001071,F-001072,F-001073,F-001074,F-001075,F-001076,F-001077,F-001078,F-001079,F-001080,F-001081,F-001082,F-001083,F-001084,F-001085,F-001086,F-001087,F-001088,F-001089,F-001090,F-001091,F-001092,F-001093,F-001094,F-001095,F-001096,F-001097,F-001098,F-001099,F-001100,F-001101,F-001102,F-001103,F-001104,F-001105,F-001106,F-001107,F-001108,F-001109,F-001110,F-001111,F-001112,F-001113,F-001114,F-001115,F-001116,F-001117,F-001118,F-001119,F-001120,F-001121,F-001122,F-001123,F-001124,F-001125,F-001126,F-001127,F-001128,F-001129,F-001130,F-001131,F-001132,F-001133,F-001134,F-001135,F-001136,F-001137,F-001138,F-001139,F-001140,F-001141,F-001142,F-001143,F-001144,F-001145,F-001146,F-001147,F-001148,F-001149,F-001150,F-001151,F-001152,F-001153
Data Toolkit	TOOL-0009	1.9 تنظيف البيانات	134	F-001154,F-001155,F-001156,F-001157,F-001158,F-001159,F-001160,F-001161,F-001162,F-001163,F-001164,F-001165,F-001166,F-001167,F-001168,F-001169,F-001170,F-001171,F-001172,F-001173,F-001174,F-001175,F-001176,F-001177,F-001178,F-001179,F-001180,F-001181,F-001182,F-001183,F-001184,F-001185,F-001186,F-001187,F-001188,F-001189,F-001190,F-001191,F-001192,F-001193,F-001194,F-001195,F-001196,F-001197,F-001198,F-001199,F-001200,F-001201,F-001202,F-001203,F-001204,F-001205,F-001206,F-001207,F-001208,F-001209,F-001210,F-001211,F-001212,F-001213,F-001214,F-001215,F-001216,F-001217,F-001218,F-001219,F-001220,F-001221,F-001222,F-001223,F-001224,F-001225,F-001226,F-001227,F-001228,F-001229,F-001230,F-001231,F-001232,F-001233,F-001234,F-001235,F-001236,F-001237,F-001238,F-001239,F-001240,F-001241,F-001242,F-001243,F-001244,F-001245,F-001246,F-001247,F-001248,F-001249,F-001250,F-001251,F-001252,F-001253,F-001254,F-001255,F-001256,F-001257,F-001258,F-001259,F-001260,F-001261,F-001262,F-001263,F-001264,F-001265,F-001266,F-001267,F-001268,F-001269,F-001270,F-001271,F-001272,F-001273,F-001274,F-001275,F-001276,F-001277,F-001278,F-001279,F-001280,F-001281,F-001282,F-001283,F-001284,F-001285,F-001286,F-001287
Data Toolkit	TOOL-0010	الملفات المختلطة	1	F-005390
Data Toolkit	TOOL-0011	Library Engine — 5.7 مكتبة الوسائط	53	F-003513,F-003514,F-003515,F-003516,F-003517,F-003518,F-003519,F-003520,F-003521,F-003522,F-003523,F-003524,F-003525,F-003526,F-003527,F-003528,F-003529,F-003530,F-003531,F-003532,F-003533,F-003534,F-003535,F-003536,F-003537,F-003538,F-003539,F-003540,F-003541,F-003542,F-003543,F-003544,F-003545,F-003546,F-003547,F-003548,F-003549,F-003550,F-003551,F-003552,F-003553,F-003554,F-003555,F-003556,F-003557,F-003558,F-003559,F-003560,F-003561,F-003562,F-003563,F-003564,F-003565
Data Toolkit	TOOL-0012	Conversion Engine — المحرك الثامن: محرك التحويل الشامل بين الصيغ	1	F-004261
Data Toolkit	TOOL-0013	Conversion Engine — 8.1 مصفوفة التحويل	27	F-004262,F-004263,F-004264,F-004265,F-004266,F-004267,F-004268,F-004269,F-004270,F-004271,F-004272,F-004273,F-004274,F-004275,F-004276,F-004277,F-004278,F-004279,F-004280,F-004281,F-004282,F-004283,F-004284,F-004285,F-004286,F-004287,F-004288
Data Toolkit	TOOL-0014	Conversion Engine — 8.2 تمثيل المستند الأساسي الموحد	13	F-004289,F-004290,F-004291,F-004292,F-004293,F-004294,F-004295,F-004296,F-004297,F-004298,F-004299,F-004300,F-004301
Data Toolkit	TOOL-0015	Conversion Engine — التحويل الشامل	1	F-005388
Excel Toolkit	TOOL-0016	2.1 محرك تنفيذ المعادلات الافتراضي	105	F-001288,F-001289,F-001290,F-001291,F-001292,F-001293,F-001294,F-001295,F-001296,F-001297,F-001298,F-001299,F-001300,F-001301,F-001302,F-001303,F-001304,F-001305,F-001306,F-001307,F-001308,F-001309,F-001310,F-001311,F-001312,F-001313,F-001314,F-001315,F-001316,F-001317,F-001318,F-001319,F-001320,F-001321,F-001322,F-001323,F-001324,F-001325,F-001326,F-001327,F-001328,F-001329,F-001330,F-001331,F-001332,F-001333,F-001334,F-001335,F-001336,F-001337,F-001338,F-001339,F-001340,F-001341,F-001342,F-001343,F-001344,F-001345,F-001346,F-001347,F-001348,F-001349,F-001350,F-001351,F-001352,F-001353,F-001354,F-001355,F-001356,F-001357,F-001358,F-001359,F-001360,F-001361,F-001362,F-001363,F-001364,F-001365,F-001366,F-001367,F-001368,F-001369,F-001370,F-001371,F-001372,F-001373,F-001374,F-001375,F-001376,F-001377,F-001378,F-001379,F-001380,F-001381,F-001382,F-001383,F-001384,F-001385,F-001386,F-001387,F-001388,F-001389,F-001390,F-001391,F-001392
Excel Toolkit	TOOL-0017	2.2 التنسيق والتجميل الاحترافي	150	F-001393,F-001394,F-001395,F-001396,F-001397,F-001398,F-001399,F-001400,F-001401,F-001402,F-001403,F-001404,F-001405,F-001406,F-001407,F-001408,F-001409,F-001410,F-001411,F-001412,F-001413,F-001414,F-001415,F-001416,F-001417,F-001418,F-001419,F-001420,F-001421,F-001422,F-001423,F-001424,F-001425,F-001426,F-001427,F-001428,F-001429,F-001430,F-001431,F-001432,F-001433,F-001434,F-001435,F-001436,F-001437,F-001438,F-001439,F-001440,F-001441,F-001442,F-001443,F-001444,F-001445,F-001446,F-001447,F-001448,F-001449,F-001450,F-001451,F-001452,F-001453,F-001454,F-001455,F-001456,F-001457,F-001458,F-001459,F-001460,F-001461,F-001462,F-001463,F-001464,F-001465,F-001466,F-001467,F-001468,F-001469,F-001470,F-001471,F-001472,F-001473,F-001474,F-001475,F-001476,F-001477,F-001478,F-001479,F-001480,F-001481,F-001482,F-001483,F-001484,F-001485,F-001486,F-001487,F-001488,F-001489,F-001490,F-001491,F-001492,F-001493,F-001494,F-001495,F-001496,F-001497,F-001498,F-001499,F-001500,F-001501,F-001502,F-001503,F-001504,F-001505,F-001506,F-001507,F-001508,F-001509,F-001510,F-001511,F-001512,F-001513,F-001514,F-001515,F-001516,F-001517,F-001518,F-001519,F-001520,F-001521,F-001522,F-001523,F-001524,F-001525,F-001526,F-001527,F-001528,F-001529,F-001530,F-001531,F-001532,F-001533,F-001534,F-001535,F-001536,F-001537,F-001538,F-001539,F-001540,F-001541,F-001542
Excel Toolkit	TOOL-0018	2.3 المطابقة الحرفية لملفات Excel	65	F-001543,F-001544,F-001545,F-001546,F-001547,F-001548,F-001549,F-001550,F-001551,F-001552,F-001553,F-001554,F-001555,F-001556,F-001557,F-001558,F-001559,F-001560,F-001561,F-001562,F-001563,F-001564,F-001565,F-001566,F-001567,F-001568,F-001569,F-001570,F-001571,F-001572,F-001573,F-001574,F-001575,F-001576,F-001577,F-001578,F-001579,F-001580,F-001581,F-001582,F-001583,F-001584,F-001585,F-001586,F-001587,F-001588,F-001589,F-001590,F-001591,F-001592,F-001593,F-001594,F-001595,F-001596,F-001597,F-001598,F-001599,F-001600,F-001601,F-001602,F-001603,F-001604,F-001605,F-001606,F-001607
Excel Toolkit	TOOL-0019	2.4 الوضع السهل والمتقدم	13	F-001608,F-001609,F-001610,F-001611,F-001612,F-001613,F-001614,F-001615,F-001616,F-001617,F-001618,F-001619,F-001620
Dashboard Toolkit	TOOL-0020	3.1 الوضع السهل: لوحة بضغطة زر	95	F-001621,F-001622,F-001623,F-001624,F-001625,F-001626,F-001627,F-001628,F-001629,F-001630,F-001631,F-001632,F-001633,F-001634,F-001635,F-001636,F-001637,F-001638,F-001639,F-001640,F-001641,F-001642,F-001643,F-001644,F-001645,F-001646,F-001647,F-001648,F-001649,F-001650,F-001651,F-001652,F-001653,F-001654,F-001655,F-001656,F-001657,F-001658,F-001659,F-001660,F-001661,F-001662,F-001663,F-001664,F-001665,F-001666,F-001667,F-001668,F-001669,F-001670,F-001671,F-001672,F-001673,F-001674,F-001675,F-001676,F-001677,F-001678,F-001679,F-001680,F-001681,F-001682,F-001683,F-001684,F-001685,F-001686,F-001687,F-001688,F-001689,F-001690,F-001691,F-001692,F-001693,F-001694,F-001695,F-001696,F-001697,F-001698,F-001699,F-001700,F-001701,F-001702,F-001703,F-001704,F-001705,F-001706,F-001707,F-001708,F-001709,F-001710,F-001711,F-001712,F-001713,F-001714,F-001715
Dashboard Toolkit	TOOL-0021	3.2 الوضع المتقدم: تحكم كامل	43	F-001716,F-001717,F-001718,F-001719,F-001720,F-001721,F-001722,F-001723,F-001724,F-001725,F-001726,F-001727,F-001728,F-001729,F-001730,F-001731,F-001732,F-001733,F-001734,F-001735,F-001736,F-001737,F-001738,F-001739,F-001740,F-001741,F-001742,F-001743,F-001744,F-001745,F-001746,F-001747,F-001748,F-001749,F-001750,F-001751,F-001752,F-001753,F-001754,F-001755,F-001756,F-001757,F-001758
Dashboard Toolkit	TOOL-0022	3.3 عناصر اللوحة القابلة للسحب	73	F-001759,F-001760,F-001761,F-001762,F-001763,F-001764,F-001765,F-001766,F-001767,F-001768,F-001769,F-001770,F-001771,F-001772,F-001773,F-001774,F-001775,F-001776,F-001777,F-001778,F-001779,F-001780,F-001781,F-001782,F-001783,F-001784,F-001785,F-001786,F-001787,F-001788,F-001789,F-001790,F-001791,F-001792,F-001793,F-001794,F-001795,F-001796,F-001797,F-001798,F-001799,F-001800,F-001801,F-001802,F-001803,F-001804,F-001805,F-001806,F-001807,F-001808,F-001809,F-001810,F-001811,F-001812,F-001813,F-001814,F-001815,F-001816,F-001817,F-001818,F-001819,F-001820,F-001821,F-001822,F-001823,F-001824,F-001825,F-001826,F-001827,F-001828,F-001829,F-001830,F-001831
Dashboard Toolkit	TOOL-0023	3.4 محرر اللوحة الكامل	25	F-001832,F-001833,F-001834,F-001835,F-001836,F-001837,F-001838,F-001839,F-001840,F-001841,F-001842,F-001843,F-001844,F-001845,F-001846,F-001847,F-001848,F-001849,F-001850,F-001851,F-001852,F-001853,F-001854,F-001855,F-001856
Dashboard Toolkit	TOOL-0024	3.5 التعديل الكامل بعد الإنشاء	48	F-001857,F-001858,F-001859,F-001860,F-001861,F-001862,F-001863,F-001864,F-001865,F-001866,F-001867,F-001868,F-001869,F-001870,F-001871,F-001872,F-001873,F-001874,F-001875,F-001876,F-001877,F-001878,F-001879,F-001880,F-001881,F-001882,F-001883,F-001884,F-001885,F-001886,F-001887,F-001888,F-001889,F-001890,F-001891,F-001892,F-001893,F-001894,F-001895,F-001896,F-001897,F-001898,F-001899,F-001900,F-001901,F-001902,F-001903,F-001904
Dashboard Toolkit	TOOL-0025	3.6 مكتبة النماذج	94	F-001905,F-001906,F-001907,F-001908,F-001909,F-001910,F-001911,F-001912,F-001913,F-001914,F-001915,F-001916,F-001917,F-001918,F-001919,F-001920,F-001921,F-001922,F-001923,F-001924,F-001925,F-001926,F-001927,F-001928,F-001929,F-001930,F-001931,F-001932,F-001933,F-001934,F-001935,F-001936,F-001937,F-001938,F-001939,F-001940,F-001941,F-001942,F-001943,F-001944,F-001945,F-001946,F-001947,F-001948,F-001949,F-001950,F-001951,F-001952,F-001953,F-001954,F-001955,F-001956,F-001957,F-001958,F-001959,F-001960,F-001961,F-001962,F-001963,F-001964,F-001965,F-001966,F-001967,F-001968,F-001969,F-001970,F-001971,F-001972,F-001973,F-001974,F-001975,F-001976,F-001977,F-001978,F-001979,F-001980,F-001981,F-001982,F-001983,F-001984,F-001985,F-001986,F-001987,F-001988,F-001989,F-001990,F-001991,F-001992,F-001993,F-001994,F-001995,F-001996,F-001997,F-001998
Dashboard Toolkit	TOOL-0026	3.7 محاكاة تصميم لوحة خارجية	47	F-001999,F-002000,F-002001,F-002002,F-002003,F-002004,F-002005,F-002006,F-002007,F-002008,F-002009,F-002010,F-002011,F-002012,F-002013,F-002014,F-002015,F-002016,F-002017,F-002018,F-002019,F-002020,F-002021,F-002022,F-002023,F-002024,F-002025,F-002026,F-002027,F-002028,F-002029,F-002030,F-002031,F-002032,F-002033,F-002034,F-002035,F-002036,F-002037,F-002038,F-002039,F-002040,F-002041,F-002042,F-002043,F-002044,F-002045
Dashboard Toolkit	TOOL-0027	3.8 تقنيات الأداء المتقدمة	20	F-002046,F-002047,F-002048,F-002049,F-002050,F-002051,F-002052,F-002053,F-002054,F-002055,F-002056,F-002057,F-002058,F-002059,F-002060,F-002061,F-002062,F-002063,F-002064,F-002065
Reporting Toolkit	TOOL-0028	4.1 الوضع السهل: تقرير بضغطة زر	244	F-002066,F-002067,F-002068,F-002069,F-002070,F-002071,F-002072,F-002073,F-002074,F-002075,F-002076,F-002077,F-002078,F-002079,F-002080,F-002081,F-002082,F-002083,F-002084,F-002085,F-002086,F-002087,F-002088,F-002089,F-002090,F-002091,F-002092,F-002093,F-002094,F-002095,F-002096,F-002097,F-002098,F-002099,F-002100,F-002101,F-002102,F-002103,F-002104,F-002105,F-002106,F-002107,F-002108,F-002109,F-002110,F-002111,F-002112,F-002113,F-002114,F-002115,F-002116,F-002117,F-002118,F-002119,F-002120,F-002121,F-002122,F-002123,F-002124,F-002125,F-002126,F-002127,F-002128,F-002129,F-002130,F-002131,F-002132,F-002133,F-002134,F-002135,F-002136,F-002137,F-002138,F-002139,F-002140,F-002141,F-002142,F-002143,F-002144,F-002145,F-002146,F-002147,F-002148,F-002149,F-002150,F-002151,F-002152,F-002153,F-002154,F-002155,F-002156,F-002157,F-002158,F-002159,F-002160,F-002161,F-002162,F-002163,F-002164,F-002165,F-002166,F-002167,F-002168,F-002169,F-002170,F-002171,F-002172,F-002173,F-002174,F-002175,F-002176,F-002177,F-002178,F-002179,F-002180,F-002181,F-002182,F-002183,F-002184,F-002185,F-002186,F-002187,F-002188,F-002189,F-002190,F-002191,F-002192,F-002193,F-002194,F-002195,F-002196,F-002197,F-002198,F-002199,F-002200,F-002201,F-002202,F-002203,F-002204,F-002205,F-002206,F-002207,F-002208,F-002209,F-002210,F-002211,F-002212,F-002213,F-002214,F-002215,F-002216,F-002217,F-002218,F-002219,F-002220,F-002221,F-002222,F-002223,F-002224,F-002225,F-002226,F-002227,F-002228,F-002229,F-002230,F-002231,F-002232,F-002233,F-002234,F-002235,F-002236,F-002237,F-002238,F-002239,F-002240,F-002241,F-002242,F-002243,F-002244,F-002245,F-002246,F-002247,F-002248,F-002249,F-002250,F-002251,F-002252,F-002253,F-002254,F-002255,F-002256,F-002257,F-002258,F-002259,F-002260,F-002261,F-002262,F-002263,F-002264,F-002265,F-002266,F-002267,F-002268,F-002269,F-002270,F-002271,F-002272,F-002273,F-002274,F-002275,F-002276,F-002277,F-002278,F-002279,F-002280,F-002281,F-002282,F-002283,F-002284,F-002285,F-002286,F-002287,F-002288,F-002289,F-002290,F-002291,F-002292,F-002293,F-002294,F-002295,F-002296,F-002297,F-002298,F-002299,F-002300,F-002301,F-002302,F-002303,F-002304,F-002305,F-002306,F-002307,F-002308,F-002309
Reporting Toolkit	TOOL-0029	4.2 الوضع المتقدم	54	F-002310,F-002311,F-002312,F-002313,F-002314,F-002315,F-002316,F-002317,F-002318,F-002319,F-002320,F-002321,F-002322,F-002323,F-002324,F-002325,F-002326,F-002327,F-002328,F-002329,F-002330,F-002331,F-002332,F-002333,F-002334,F-002335,F-002336,F-002337,F-002338,F-002339,F-002340,F-002341,F-002342,F-002343,F-002344,F-002345,F-002346,F-002347,F-002348,F-002349,F-002350,F-002351,F-002352,F-002353,F-002354,F-002355,F-002356,F-002357,F-002358,F-002359,F-002360,F-002361,F-002362,F-002363
Reporting Toolkit	TOOL-0030	4.3 التحرير الكامل بعد الإنشاء	124	F-002364,F-002365,F-002366,F-002367,F-002368,F-002369,F-002370,F-002371,F-002372,F-002373,F-002374,F-002375,F-002376,F-002377,F-002378,F-002379,F-002380,F-002381,F-002382,F-002383,F-002384,F-002385,F-002386,F-002387,F-002388,F-002389,F-002390,F-002391,F-002392,F-002393,F-002394,F-002395,F-002396,F-002397,F-002398,F-002399,F-002400,F-002401,F-002402,F-002403,F-002404,F-002405,F-002406,F-002407,F-002408,F-002409,F-002410,F-002411,F-002412,F-002413,F-002414,F-002415,F-002416,F-002417,F-002418,F-002419,F-002420,F-002421,F-002422,F-002423,F-002424,F-002425,F-002426,F-002427,F-002428,F-002429,F-002430,F-002431,F-002432,F-002433,F-002434,F-002435,F-002436,F-002437,F-002438,F-002439,F-002440,F-002441,F-002442,F-002443,F-002444,F-002445,F-002446,F-002447,F-002448,F-002449,F-002450,F-002451,F-002452,F-002453,F-002454,F-002455,F-002456,F-002457,F-002458,F-002459,F-002460,F-002461,F-002462,F-002463,F-002464,F-002465,F-002466,F-002467,F-002468,F-002469,F-002470,F-002471,F-002472,F-002473,F-002474,F-002475,F-002476,F-002477,F-002478,F-002479,F-002480,F-002481,F-002482,F-002483,F-002484,F-002485,F-002486,F-002487
Reporting Toolkit	TOOL-0031	4.4 مكتبة التقارير والقوالب	29	F-002488,F-002489,F-002490,F-002491,F-002492,F-002493,F-002494,F-002495,F-002496,F-002497,F-002498,F-002499,F-002500,F-002501,F-002502,F-002503,F-002504,F-002505,F-002506,F-002507,F-002508,F-002509,F-002510,F-002511,F-002512,F-002513,F-002514,F-002515,F-002516
Reporting Toolkit	TOOL-0032	4.5 محاكاة تقرير خارجي	12	F-002517,F-002518,F-002519,F-002520,F-002521,F-002522,F-002523,F-002524,F-002525,F-002526,F-002527,F-002528
Reporting Toolkit	TOOL-0033	4.6 المقارنة والجدولة	28	F-002529,F-002530,F-002531,F-002532,F-002533,F-002534,F-002535,F-002536,F-002537,F-002538,F-002539,F-002540,F-002541,F-002542,F-002543,F-002544,F-002545,F-002546,F-002547,F-002548,F-002549,F-002550,F-002551,F-002552,F-002553,F-002554,F-002555,F-002556
Presentation Toolkit	TOOL-0034	المحرك الخامس: محرك العروض التقديمية والإنفوجرافيك المتقدم	1	F-002557
Presentation Toolkit	TOOL-0035	5.1 مصادر إنشاء العرض المتعددة	176	F-002558,F-002559,F-002560,F-002561,F-002562,F-002563,F-002564,F-002565,F-002566,F-002567,F-002568,F-002569,F-002570,F-002571,F-002572,F-002573,F-002574,F-002575,F-002576,F-002577,F-002578,F-002579,F-002580,F-002581,F-002582,F-002583,F-002584,F-002585,F-002586,F-002587,F-002588,F-002589,F-002590,F-002591,F-002592,F-002593,F-002594,F-002595,F-002596,F-002597,F-002598,F-002599,F-002600,F-002601,F-002602,F-002603,F-002604,F-002605,F-002606,F-002607,F-002608,F-002609,F-002610,F-002611,F-002612,F-002613,F-002614,F-002615,F-002616,F-002617,F-002618,F-002619,F-002620,F-002621,F-002622,F-002623,F-002624,F-002625,F-002626,F-002627,F-002628,F-002629,F-002630,F-002631,F-002632,F-002633,F-002634,F-002635,F-002636,F-002637,F-002638,F-002639,F-002640,F-002641,F-002642,F-002643,F-002644,F-002645,F-002646,F-002647,F-002648,F-002649,F-002650,F-002651,F-002652,F-002653,F-002654,F-002655,F-002656,F-002657,F-002658,F-002659,F-002660,F-002661,F-002662,F-002663,F-002664,F-002665,F-002666,F-002667,F-002668,F-002669,F-002670,F-002671,F-002672,F-002673,F-002674,F-002675,F-002676,F-002677,F-002678,F-002679,F-002680,F-002681,F-002682,F-002683,F-002684,F-002685,F-002686,F-002687,F-002688,F-002689,F-002690,F-002691,F-002692,F-002693,F-002694,F-002695,F-002696,F-002697,F-002698,F-002699,F-002700,F-002701,F-002702,F-002703,F-002704,F-002705,F-002706,F-002707,F-002708,F-002709,F-002710,F-002711,F-002712,F-002713,F-002714,F-002715,F-002716,F-002717,F-002718,F-002719,F-002720,F-002721,F-002722,F-002723,F-002724,F-002725,F-002726,F-002727,F-002728,F-002729,F-002730,F-002731,F-002732,F-002733
Presentation Toolkit	TOOL-0036	5.2 توليد المحتوى بالذكاء الاصطناعي	358	F-002734,F-002735,F-002736,F-002737,F-002738,F-002739,F-002740,F-002741,F-002742,F-002743,F-002744,F-002745,F-002746,F-002747,F-002748,F-002749,F-002750,F-002751,F-002752,F-002753,F-002754,F-002755,F-002756,F-002757,F-002758,F-002759,F-002760,F-002761,F-002762,F-002763,F-002764,F-002765,F-002766,F-002767,F-002768,F-002769,F-002770,F-002771,F-002772,F-002773,F-002774,F-002775,F-002776,F-002777,F-002778,F-002779,F-002780,F-002781,F-002782,F-002783,F-002784,F-002785,F-002786,F-002787,F-002788,F-002789,F-002790,F-002791,F-002792,F-002793,F-002794,F-002795,F-002796,F-002797,F-002798,F-002799,F-002800,F-002801,F-002802,F-002803,F-002804,F-002805,F-002806,F-002807,F-002808,F-002809,F-002810,F-002811,F-002812,F-002813,F-002814,F-002815,F-002816,F-002817,F-002818,F-002819,F-002820,F-002821,F-002822,F-002823,F-002824,F-002825,F-002826,F-002827,F-002828,F-002829,F-002830,F-002831,F-002832,F-002833,F-002834,F-002835,F-002836,F-002837,F-002838,F-002839,F-002840,F-002841,F-002842,F-002843,F-002844,F-002845,F-002846,F-002847,F-002848,F-002849,F-002850,F-002851,F-002852,F-002853,F-002854,F-002855,F-002856,F-002857,F-002858,F-002859,F-002860,F-002861,F-002862,F-002863,F-002864,F-002865,F-002866,F-002867,F-002868,F-002869,F-002870,F-002871,F-002872,F-002873,F-002874,F-002875,F-002876,F-002877,F-002878,F-002879,F-002880,F-002881,F-002882,F-002883,F-002884,F-002885,F-002886,F-002887,F-002888,F-002889,F-002890,F-002891,F-002892,F-002893,F-002894,F-002895,F-002896,F-002897,F-002898,F-002899,F-002900,F-002901,F-002902,F-002903,F-002904,F-002905,F-002906,F-002907,F-002908,F-002909,F-002910,F-002911,F-002912,F-002913,F-002914,F-002915,F-002916,F-002917,F-002918,F-002919,F-002920,F-002921,F-002922,F-002923,F-002924,F-002925,F-002926,F-002927,F-002928,F-002929,F-002930,F-002931,F-002932,F-002933,F-002934,F-002935,F-002936,F-002937,F-002938,F-002939,F-002940,F-002941,F-002942,F-002943,F-002944,F-002945,F-002946,F-002947,F-002948,F-002949,F-002950,F-002951,F-002952,F-002953,F-002954,F-002955,F-002956,F-002957,F-002958,F-002959,F-002960,F-002961,F-002962,F-002963,F-002964,F-002965,F-002966,F-002967,F-002968,F-002969,F-002970,F-002971,F-002972,F-002973,F-002974,F-002975,F-002976,F-002977,F-002978,F-002979,F-002980,F-002981,F-002982,F-002983,F-002984,F-002985,F-002986,F-002987,F-002988,F-002989,F-002990,F-002991,F-002992,F-002993,F-002994,F-002995,F-002996,F-002997,F-002998,F-002999,F-003000,F-003001,F-003002,F-003003,F-003004,F-003005,F-003006,F-003007,F-003008,F-003009,F-003010,F-003011,F-003012,F-003013,F-003014,F-003015,F-003016,F-003017,F-003018,F-003019,F-003020,F-003021,F-003022,F-003023,F-003024,F-003025,F-003026,F-003027,F-003028,F-003029,F-003030,F-003031,F-003032,F-003033,F-003034,F-003035,F-003036,F-003037,F-003038,F-003039,F-003040,F-003041,F-003042,F-003043,F-003044,F-003045,F-003046,F-003047,F-003048,F-003049,F-003050,F-003051,F-003052,F-003053,F-003054,F-003055,F-003056,F-003057,F-003058,F-003059,F-003060,F-003061,F-003062,F-003063,F-003064,F-003065,F-003066,F-003067,F-003068,F-003069,F-003070,F-003071,F-003072,F-003073,F-003074,F-003075,F-003076,F-003077,F-003078,F-003079,F-003080,F-003081,F-003082,F-003083,F-003084,F-003085,F-003086,F-003087,F-003088,F-003089,F-003090,F-003091
Presentation Toolkit	TOOL-0037	5.3 التصميم والتخطيط الذكي	134	F-003092,F-003093,F-003094,F-003095,F-003096,F-003097,F-003098,F-003099,F-003100,F-003101,F-003102,F-003103,F-003104,F-003105,F-003106,F-003107,F-003108,F-003109,F-003110,F-003111,F-003112,F-003113,F-003114,F-003115,F-003116,F-003117,F-003118,F-003119,F-003120,F-003121,F-003122,F-003123,F-003124,F-003125,F-003126,F-003127,F-003128,F-003129,F-003130,F-003131,F-003132,F-003133,F-003134,F-003135,F-003136,F-003137,F-003138,F-003139,F-003140,F-003141,F-003142,F-003143,F-003144,F-003145,F-003146,F-003147,F-003148,F-003149,F-003150,F-003151,F-003152,F-003153,F-003154,F-003155,F-003156,F-003157,F-003158,F-003159,F-003160,F-003161,F-003162,F-003163,F-003164,F-003165,F-003166,F-003167,F-003168,F-003169,F-003170,F-003171,F-003172,F-003173,F-003174,F-003175,F-003176,F-003177,F-003178,F-003179,F-003180,F-003181,F-003182,F-003183,F-003184,F-003185,F-003186,F-003187,F-003188,F-003189,F-003190,F-003191,F-003192,F-003193,F-003194,F-003195,F-003196,F-003197,F-003198,F-003199,F-003200,F-003201,F-003202,F-003203,F-003204,F-003205,F-003206,F-003207,F-003208,F-003209,F-003210,F-003211,F-003212,F-003213,F-003214,F-003215,F-003216,F-003217,F-003218,F-003219,F-003220,F-003221,F-003222,F-003223,F-003224,F-003225
Presentation Toolkit	TOOL-0038	5.5 التحرير والتعديل المتقدم	119	F-003326,F-003327,F-003328,F-003329,F-003330,F-003331,F-003332,F-003333,F-003334,F-003335,F-003336,F-003337,F-003338,F-003339,F-003340,F-003341,F-003342,F-003343,F-003344,F-003345,F-003346,F-003347,F-003348,F-003349,F-003350,F-003351,F-003352,F-003353,F-003354,F-003355,F-003356,F-003357,F-003358,F-003359,F-003360,F-003361,F-003362,F-003363,F-003364,F-003365,F-003366,F-003367,F-003368,F-003369,F-003370,F-003371,F-003372,F-003373,F-003374,F-003375,F-003376,F-003377,F-003378,F-003379,F-003380,F-003381,F-003382,F-003383,F-003384,F-003385,F-003386,F-003387,F-003388,F-003389,F-003390,F-003391,F-003392,F-003393,F-003394,F-003395,F-003396,F-003397,F-003398,F-003399,F-003400,F-003401,F-003402,F-003403,F-003404,F-003405,F-003406,F-003407,F-003408,F-003409,F-003410,F-003411,F-003412,F-003413,F-003414,F-003415,F-003416,F-003417,F-003418,F-003419,F-003420,F-003421,F-003422,F-003423,F-003424,F-003425,F-003426,F-003427,F-003428,F-003429,F-003430,F-003431,F-003432,F-003433,F-003434,F-003435,F-003436,F-003437,F-003438,F-003439,F-003440,F-003441,F-003442,F-003443,F-003444
Presentation Toolkit	TOOL-0039	5.6 الحركة والتفاعل	68	F-003445,F-003446,F-003447,F-003448,F-003449,F-003450,F-003451,F-003452,F-003453,F-003454,F-003455,F-003456,F-003457,F-003458,F-003459,F-003460,F-003461,F-003462,F-003463,F-003464,F-003465,F-003466,F-003467,F-003468,F-003469,F-003470,F-003471,F-003472,F-003473,F-003474,F-003475,F-003476,F-003477,F-003478,F-003479,F-003480,F-003481,F-003482,F-003483,F-003484,F-003485,F-003486,F-003487,F-003488,F-003489,F-003490,F-003491,F-003492,F-003493,F-003494,F-003495,F-003496,F-003497,F-003498,F-003499,F-003500,F-003501,F-003502,F-003503,F-003504,F-003505,F-003506,F-003507,F-003508,F-003509,F-003510,F-003511,F-003512
Presentation Toolkit	TOOL-0040	5.8 التصدير والمشاركة	91	F-003566,F-003567,F-003568,F-003569,F-003570,F-003571,F-003572,F-003573,F-003574,F-003575,F-003576,F-003577,F-003578,F-003579,F-003580,F-003581,F-003582,F-003583,F-003584,F-003585,F-003586,F-003587,F-003588,F-003589,F-003590,F-003591,F-003592,F-003593,F-003594,F-003595,F-003596,F-003597,F-003598,F-003599,F-003600,F-003601,F-003602,F-003603,F-003604,F-003605,F-003606,F-003607,F-003608,F-003609,F-003610,F-003611,F-003612,F-003613,F-003614,F-003615,F-003616,F-003617,F-003618,F-003619,F-003620,F-003621,F-003622,F-003623,F-003624,F-003625,F-003626,F-003627,F-003628,F-003629,F-003630,F-003631,F-003632,F-003633,F-003634,F-003635,F-003636,F-003637,F-003638,F-003639,F-003640,F-003641,F-003642,F-003643,F-003644,F-003645,F-003646,F-003647,F-003648,F-003649,F-003650,F-003651,F-003652,F-003653,F-003654,F-003655,F-003656
Presentation Toolkit	TOOL-0041	5.9 التعاون والعرض	59	F-003657,F-003658,F-003659,F-003660,F-003661,F-003662,F-003663,F-003664,F-003665,F-003666,F-003667,F-003668,F-003669,F-003670,F-003671,F-003672,F-003673,F-003674,F-003675,F-003676,F-003677,F-003678,F-003679,F-003680,F-003681,F-003682,F-003683,F-003684,F-003685,F-003686,F-003687,F-003688,F-003689,F-003690,F-003691,F-003692,F-003693,F-003694,F-003695,F-003696,F-003697,F-003698,F-003699,F-003700,F-003701,F-003702,F-003703,F-003704,F-003705,F-003706,F-003707,F-003708,F-003709,F-003710,F-003711,F-003712,F-003713,F-003714,F-003715
Presentation Toolkit	TOOL-0042	5.11 التكامل والأتمتة	19	F-003869,F-003870,F-003871,F-003872,F-003873,F-003874,F-003875,F-003876,F-003877,F-003878,F-003879,F-003880,F-003881,F-003882,F-003883,F-003884,F-003885,F-003886,F-003887
Presentation Toolkit	TOOL-0043	Template Engine — 5.4 القوالب والثيمات	100	F-003226,F-003227,F-003228,F-003229,F-003230,F-003231,F-003232,F-003233,F-003234,F-003235,F-003236,F-003237,F-003238,F-003239,F-003240,F-003241,F-003242,F-003243,F-003244,F-003245,F-003246,F-003247,F-003248,F-003249,F-003250,F-003251,F-003252,F-003253,F-003254,F-003255,F-003256,F-003257,F-003258,F-003259,F-003260,F-003261,F-003262,F-003263,F-003264,F-003265,F-003266,F-003267,F-003268,F-003269,F-003270,F-003271,F-003272,F-003273,F-003274,F-003275,F-003276,F-003277,F-003278,F-003279,F-003280,F-003281,F-003282,F-003283,F-003284,F-003285,F-003286,F-003287,F-003288,F-003289,F-003290,F-003291,F-003292,F-003293,F-003294,F-003295,F-003296,F-003297,F-003298,F-003299,F-003300,F-003301,F-003302,F-003303,F-003304,F-003305,F-003306,F-003307,F-003308,F-003309,F-003310,F-003311,F-003312,F-003313,F-003314,F-003315,F-003316,F-003317,F-003318,F-003319,F-003320,F-003321,F-003322,F-003323,F-003324,F-003325
Infographic Toolkit	TOOL-0044	5.10 الإنفوجرافيك الاحترافي	153	F-003716,F-003717,F-003718,F-003719,F-003720,F-003721,F-003722,F-003723,F-003724,F-003725,F-003726,F-003727,F-003728,F-003729,F-003730,F-003731,F-003732,F-003733,F-003734,F-003735,F-003736,F-003737,F-003738,F-003739,F-003740,F-003741,F-003742,F-003743,F-003744,F-003745,F-003746,F-003747,F-003748,F-003749,F-003750,F-003751,F-003752,F-003753,F-003754,F-003755,F-003756,F-003757,F-003758,F-003759,F-003760,F-003761,F-003762,F-003763,F-003764,F-003765,F-003766,F-003767,F-003768,F-003769,F-003770,F-003771,F-003772,F-003773,F-003774,F-003775,F-003776,F-003777,F-003778,F-003779,F-003780,F-003781,F-003782,F-003783,F-003784,F-003785,F-003786,F-003787,F-003788,F-003789,F-003790,F-003791,F-003792,F-003793,F-003794,F-003795,F-003796,F-003797,F-003798,F-003799,F-003800,F-003801,F-003802,F-003803,F-003804,F-003805,F-003806,F-003807,F-003808,F-003809,F-003810,F-003811,F-003812,F-003813,F-003814,F-003815,F-003816,F-003817,F-003818,F-003819,F-003820,F-003821,F-003822,F-003823,F-003824,F-003825,F-003826,F-003827,F-003828,F-003829,F-003830,F-003831,F-003832,F-003833,F-003834,F-003835,F-003836,F-003837,F-003838,F-003839,F-003840,F-003841,F-003842,F-003843,F-003844,F-003845,F-003846,F-003847,F-003848,F-003849,F-003850,F-003851,F-003852,F-003853,F-003854,F-003855,F-003856,F-003857,F-003858,F-003859,F-003860,F-003861,F-003862,F-003863,F-003864,F-003865,F-003866,F-003867,F-003868
Infographic Toolkit	TOOL-0045	الإنفوجرافيك الاحترافي	1	F-005389
Replication Toolkit	TOOL-0046	المحرك السادس: محرك المطابقة الحرفية الهندسية الدقيقة	1	F-003888
Replication Toolkit	TOOL-0047	6.1 المبدأ الأساسي	24	F-003889,F-003890,F-003891,F-003892,F-003893,F-003894,F-003895,F-003896,F-003897,F-003898,F-003899,F-003900,F-003901,F-003902,F-003903,F-003904,F-003905,F-003906,F-003907,F-003908,F-003909,F-003910,F-003911,F-003912
Replication Toolkit	TOOL-0048	6.2 نطاق المطابقة	7	F-003913,F-003914,F-003915,F-003916,F-003917,F-003918,F-003919
Replication Toolkit	TOOL-0049	6.3 مراحل المطابقة	27	F-003920,F-003921,F-003922,F-003923,F-003924,F-003925,F-003926,F-003927,F-003928,F-003929,F-003930,F-003931,F-003932,F-003933,F-003934,F-003935,F-003936,F-003937,F-003938,F-003939,F-003940,F-003941,F-003942,F-003943,F-003944,F-003945,F-003946
Replication Toolkit	TOOL-0050	6.4 مطابقة لوحات المؤشرات من صورة	7	F-003947,F-003948,F-003949,F-003950,F-003951,F-003952,F-003953
Replication Toolkit	TOOL-0051	6.5 قفل الطباعة	11	F-003954,F-003955,F-003956,F-003957,F-003958,F-003959,F-003960,F-003961,F-003962,F-003963,F-003964
Replication Toolkit	TOOL-0052	6.6 بوابة التحقق المزدوج	59	F-003965,F-003966,F-003967,F-003968,F-003969,F-003970,F-003971,F-003972,F-003973,F-003974,F-003975,F-003976,F-003977,F-003978,F-003979,F-003980,F-003981,F-003982,F-003983,F-003984,F-003985,F-003986,F-003987,F-003988,F-003989,F-003990,F-003991,F-003992,F-003993,F-003994,F-003995,F-003996,F-003997,F-003998,F-003999,F-004000,F-004001,F-004002,F-004003,F-004004,F-004005,F-004006,F-004007,F-004008,F-004009,F-004010,F-004011,F-004012,F-004013,F-004014,F-004015,F-004016,F-004017,F-004018,F-004019,F-004020,F-004021,F-004022,F-004023
Replication Toolkit	TOOL-0053	المطابقة الحرفية	1	F-005387
Localization Toolkit	TOOL-0054	المحرك السابع: محرك التعريب الاحترافي المتقدم	1	F-004024
Localization Toolkit	TOOL-0055	7.1 الذكاء اللغوي	76	F-004025,F-004026,F-004027,F-004028,F-004029,F-004030,F-004031,F-004032,F-004033,F-004034,F-004035,F-004036,F-004037,F-004038,F-004039,F-004040,F-004041,F-004042,F-004043,F-004044,F-004045,F-004046,F-004047,F-004048,F-004049,F-004050,F-004051,F-004052,F-004053,F-004054,F-004055,F-004056,F-004057,F-004058,F-004059,F-004060,F-004061,F-004062,F-004063,F-004064,F-004065,F-004066,F-004067,F-004068,F-004069,F-004070,F-004071,F-004072,F-004073,F-004074,F-004075,F-004076,F-004077,F-004078,F-004079,F-004080,F-004081,F-004082,F-004083,F-004084,F-004085,F-004086,F-004087,F-004088,F-004089,F-004090,F-004091,F-004092,F-004093,F-004094,F-004095,F-004096,F-004097,F-004098,F-004099,F-004100
Localization Toolkit	TOOL-0056	7.2 التخطيط الاحترافي من اليمين لليسار	113	F-004101,F-004102,F-004103,F-004104,F-004105,F-004106,F-004107,F-004108,F-004109,F-004110,F-004111,F-004112,F-004113,F-004114,F-004115,F-004116,F-004117,F-004118,F-004119,F-004120,F-004121,F-004122,F-004123,F-004124,F-004125,F-004126,F-004127,F-004128,F-004129,F-004130,F-004131,F-004132,F-004133,F-004134,F-004135,F-004136,F-004137,F-004138,F-004139,F-004140,F-004141,F-004142,F-004143,F-004144,F-004145,F-004146,F-004147,F-004148,F-004149,F-004150,F-004151,F-004152,F-004153,F-004154,F-004155,F-004156,F-004157,F-004158,F-004159,F-004160,F-004161,F-004162,F-004163,F-004164,F-004165,F-004166,F-004167,F-004168,F-004169,F-004170,F-004171,F-004172,F-004173,F-004174,F-004175,F-004176,F-004177,F-004178,F-004179,F-004180,F-004181,F-004182,F-004183,F-004184,F-004185,F-004186,F-004187,F-004188,F-004189,F-004190,F-004191,F-004192,F-004193,F-004194,F-004195,F-004196,F-004197,F-004198,F-004199,F-004200,F-004201,F-004202,F-004203,F-004204,F-004205,F-004206,F-004207,F-004208,F-004209,F-004210,F-004211,F-004212,F-004213
Localization Toolkit	TOOL-0057	7.3 الطباعة العربية المتقدمة	21	F-004214,F-004215,F-004216,F-004217,F-004218,F-004219,F-004220,F-004221,F-004222,F-004223,F-004224,F-004225,F-004226,F-004227,F-004228,F-004229,F-004230,F-004231,F-004232,F-004233,F-004234
Localization Toolkit	TOOL-0058	7.4 تعريب البيانات والرسوم البيانية	20	F-004235,F-004236,F-004237,F-004238,F-004239,F-004240,F-004241,F-004242,F-004243,F-004244,F-004245,F-004246,F-004247,F-004248,F-004249,F-004250,F-004251,F-004252,F-004253,F-004254
Localization Toolkit	TOOL-0059	7.5 بوابة جودة التعريب	6	F-004255,F-004256,F-004257,F-004258,F-004259,F-004260
AI Toolkit	TOOL-0060	9.1 الفهم الذكي للملفات	130	F-004302,F-004303,F-004304,F-004305,F-004306,F-004307,F-004308,F-004309,F-004310,F-004311,F-004312,F-004313,F-004314,F-004315,F-004316,F-004317,F-004318,F-004319,F-004320,F-004321,F-004322,F-004323,F-004324,F-004325,F-004326,F-004327,F-004328,F-004329,F-004330,F-004331,F-004332,F-004333,F-004334,F-004335,F-004336,F-004337,F-004338,F-004339,F-004340,F-004341,F-004342,F-004343,F-004344,F-004345,F-004346,F-004347,F-004348,F-004349,F-004350,F-004351,F-004352,F-004353,F-004354,F-004355,F-004356,F-004357,F-004358,F-004359,F-004360,F-004361,F-004362,F-004363,F-004364,F-004365,F-004366,F-004367,F-004368,F-004369,F-004370,F-004371,F-004372,F-004373,F-004374,F-004375,F-004376,F-004377,F-004378,F-004379,F-004380,F-004381,F-004382,F-004383,F-004384,F-004385,F-004386,F-004387,F-004388,F-004389,F-004390,F-004391,F-004392,F-004393,F-004394,F-004395,F-004396,F-004397,F-004398,F-004399,F-004400,F-004401,F-004402,F-004403,F-004404,F-004405,F-004406,F-004407,F-004408,F-004409,F-004410,F-004411,F-004412,F-004413,F-004414,F-004415,F-004416,F-004417,F-004418,F-004419,F-004420,F-004421,F-004422,F-004423,F-004424,F-004425,F-004426,F-004427,F-004428,F-004429,F-004430,F-004431
AI Toolkit	TOOL-0061	9.2 الاستجواب الحر	57	F-004432,F-004433,F-004434,F-004435,F-004436,F-004437,F-004438,F-004439,F-004440,F-004441,F-004442,F-004443,F-004444,F-004445,F-004446,F-004447,F-004448,F-004449,F-004450,F-004451,F-004452,F-004453,F-004454,F-004455,F-004456,F-004457,F-004458,F-004459,F-004460,F-004461,F-004462,F-004463,F-004464,F-004465,F-004466,F-004467,F-004468,F-004469,F-004470,F-004471,F-004472,F-004473,F-004474,F-004475,F-004476,F-004477,F-004478,F-004479,F-004480,F-004481,F-004482,F-004483,F-004484,F-004485,F-004486,F-004487,F-004488
AI Toolkit	TOOL-0062	9.3 مستويات التحليل	18	F-004489,F-004490,F-004491,F-004492,F-004493,F-004494,F-004495,F-004496,F-004497,F-004498,F-004499,F-004500,F-004501,F-004502,F-004503,F-004504,F-004505,F-004506
AI Toolkit	TOOL-0063	9.4 الأدوار المتعددة للذكاء الاصطناعي	126	F-004507,F-004508,F-004509,F-004510,F-004511,F-004512,F-004513,F-004514,F-004515,F-004516,F-004517,F-004518,F-004519,F-004520,F-004521,F-004522,F-004523,F-004524,F-004525,F-004526,F-004527,F-004528,F-004529,F-004530,F-004531,F-004532,F-004533,F-004534,F-004535,F-004536,F-004537,F-004538,F-004539,F-004540,F-004541,F-004542,F-004543,F-004544,F-004545,F-004546,F-004547,F-004548,F-004549,F-004550,F-004551,F-004552,F-004553,F-004554,F-004555,F-004556,F-004557,F-004558,F-004559,F-004560,F-004561,F-004562,F-004563,F-004564,F-004565,F-004566,F-004567,F-004568,F-004569,F-004570,F-004571,F-004572,F-004573,F-004574,F-004575,F-004576,F-004577,F-004578,F-004579,F-004580,F-004581,F-004582,F-004583,F-004584,F-004585,F-004586,F-004587,F-004588,F-004589,F-004590,F-004591,F-004592,F-004593,F-004594,F-004595,F-004596,F-004597,F-004598,F-004599,F-004600,F-004601,F-004602,F-004603,F-004604,F-004605,F-004606,F-004607,F-004608,F-004609,F-004610,F-004611,F-004612,F-004613,F-004614,F-004615,F-004616,F-004617,F-004618,F-004619,F-004620,F-004621,F-004622,F-004623,F-004624,F-004625,F-004626,F-004627,F-004628,F-004629,F-004630,F-004631,F-004632
AI Toolkit	TOOL-0064	9.5 مؤشرات الأداء المتقدمة	201	F-004633,F-004634,F-004635,F-004636,F-004637,F-004638,F-004639,F-004640,F-004641,F-004642,F-004643,F-004644,F-004645,F-004646,F-004647,F-004648,F-004649,F-004650,F-004651,F-004652,F-004653,F-004654,F-004655,F-004656,F-004657,F-004658,F-004659,F-004660,F-004661,F-004662,F-004663,F-004664,F-004665,F-004666,F-004667,F-004668,F-004669,F-004670,F-004671,F-004672,F-004673,F-004674,F-004675,F-004676,F-004677,F-004678,F-004679,F-004680,F-004681,F-004682,F-004683,F-004684,F-004685,F-004686,F-004687,F-004688,F-004689,F-004690,F-004691,F-004692,F-004693,F-004694,F-004695,F-004696,F-004697,F-004698,F-004699,F-004700,F-004701,F-004702,F-004703,F-004704,F-004705,F-004706,F-004707,F-004708,F-004709,F-004710,F-004711,F-004712,F-004713,F-004714,F-004715,F-004716,F-004717,F-004718,F-004719,F-004720,F-004721,F-004722,F-004723,F-004724,F-004725,F-004726,F-004727,F-004728,F-004729,F-004730,F-004731,F-004732,F-004733,F-004734,F-004735,F-004736,F-004737,F-004738,F-004739,F-004740,F-004741,F-004742,F-004743,F-004744,F-004745,F-004746,F-004747,F-004748,F-004749,F-004750,F-004751,F-004752,F-004753,F-004754,F-004755,F-004756,F-004757,F-004758,F-004759,F-004760,F-004761,F-004762,F-004763,F-004764,F-004765,F-004766,F-004767,F-004768,F-004769,F-004770,F-004771,F-004772,F-004773,F-004774,F-004775,F-004776,F-004777,F-004778,F-004779,F-004780,F-004781,F-004782,F-004783,F-004784,F-004785,F-004786,F-004787,F-004788,F-004789,F-004790,F-004791,F-004792,F-004793,F-004794,F-004795,F-004796,F-004797,F-004798,F-004799,F-004800,F-004801,F-004802,F-004803,F-004804,F-004805,F-004806,F-004807,F-004808,F-004809,F-004810,F-004811,F-004812,F-004813,F-004814,F-004815,F-004816,F-004817,F-004818,F-004819,F-004820,F-004821,F-004822,F-004823,F-004824,F-004825,F-004826,F-004827,F-004828,F-004829,F-004830,F-004831,F-004832,F-004833
AI Toolkit	TOOL-0065	9.6 الذكاء الاصطناعي أثناء التعديل	16	F-004834,F-004835,F-004836,F-004837,F-004838,F-004839,F-004840,F-004841,F-004842,F-004843,F-004844,F-004845,F-004846,F-004847,F-004848,F-004849
Governance Toolkit	TOOL-0066	منصة تحليل البيانات والمستندات الذكية	3	F-000001,F-000002,F-000003
Governance Toolkit	TOOL-0067	الرؤية الاستراتيجية العامة للمنصة	1	F-000004
Governance Toolkit	TOOL-0068	نطاق المنصة الموسع	11	F-000005,F-000006,F-000007,F-000008,F-000009,F-000010,F-000011,F-000012,F-000013,F-000014,F-000015
Governance Toolkit	TOOL-0069	المبادئ الثابتة في جميع المحركات	8	F-000016,F-000017,F-000018,F-000019,F-000020,F-000021,F-000022,F-000023
Governance Toolkit	TOOL-0070	المستخدمون المستهدفون	6	F-000024,F-000025,F-000026,F-000027,F-000028,F-000029
Governance Toolkit	TOOL-0071	10.1 الصلاحيات والأمان	212	F-004850,F-004851,F-004852,F-004853,F-004854,F-004855,F-004856,F-004857,F-004858,F-004859,F-004860,F-004861,F-004862,F-004863,F-004864,F-004865,F-004866,F-004867,F-004868,F-004869,F-004870,F-004871,F-004872,F-004873,F-004874,F-004875,F-004876,F-004877,F-004878,F-004879,F-004880,F-004881,F-004882,F-004883,F-004884,F-004885,F-004886,F-004887,F-004888,F-004889,F-004890,F-004891,F-004892,F-004893,F-004894,F-004895,F-004896,F-004897,F-004898,F-004899,F-004900,F-004901,F-004902,F-004903,F-004904,F-004905,F-004906,F-004907,F-004908,F-004909,F-004910,F-004911,F-004912,F-004913,F-004914,F-004915,F-004916,F-004917,F-004918,F-004919,F-004920,F-004921,F-004922,F-004923,F-004924,F-004925,F-004926,F-004927,F-004928,F-004929,F-004930,F-004931,F-004932,F-004933,F-004934,F-004935,F-004936,F-004937,F-004938,F-004939,F-004940,F-004941,F-004942,F-004943,F-004944,F-004945,F-004946,F-004947,F-004948,F-004949,F-004950,F-004951,F-004952,F-004953,F-004954,F-004955,F-004956,F-004957,F-004958,F-004959,F-004960,F-004961,F-004962,F-004963,F-004964,F-004965,F-004966,F-004967,F-004968,F-004969,F-004970,F-004971,F-004972,F-004973,F-004974,F-004975,F-004976,F-004977,F-004978,F-004979,F-004980,F-004981,F-004982,F-004983,F-004984,F-004985,F-004986,F-004987,F-004988,F-004989,F-004990,F-004991,F-004992,F-004993,F-004994,F-004995,F-004996,F-004997,F-004998,F-004999,F-005000,F-005001,F-005002,F-005003,F-005004,F-005005,F-005006,F-005007,F-005008,F-005009,F-005010,F-005011,F-005012,F-005013,F-005014,F-005015,F-005016,F-005017,F-005018,F-005019,F-005020,F-005021,F-005022,F-005023,F-005024,F-005025,F-005026,F-005027,F-005028,F-005029,F-005030,F-005031,F-005032,F-005033,F-005034,F-005035,F-005036,F-005037,F-005038,F-005039,F-005040,F-005041,F-005042,F-005043,F-005044,F-005045,F-005046,F-005047,F-005048,F-005049,F-005050,F-005051,F-005052,F-005053,F-005054,F-005055,F-005056,F-005057,F-005058,F-005059,F-005060,F-005061
Governance Toolkit	TOOL-0072	10.2 العمل الجماعي	39	F-005062,F-005063,F-005064,F-005065,F-005066,F-005067,F-005068,F-005069,F-005070,F-005071,F-005072,F-005073,F-005074,F-005075,F-005076,F-005077,F-005078,F-005079,F-005080,F-005081,F-005082,F-005083,F-005084,F-005085,F-005086,F-005087,F-005088,F-005089,F-005090,F-005091,F-005092,F-005093,F-005094,F-005095,F-005096,F-005097,F-005098,F-005099,F-005100
Governance Toolkit	TOOL-0073	10.3 التكامل الشامل بين المحركات	83	F-005101,F-005102,F-005103,F-005104,F-005105,F-005106,F-005107,F-005108,F-005109,F-005110,F-005111,F-005112,F-005113,F-005114,F-005115,F-005116,F-005117,F-005118,F-005119,F-005120,F-005121,F-005122,F-005123,F-005124,F-005125,F-005126,F-005127,F-005128,F-005129,F-005130,F-005131,F-005132,F-005133,F-005134,F-005135,F-005136,F-005137,F-005138,F-005139,F-005140,F-005141,F-005142,F-005143,F-005144,F-005145,F-005146,F-005147,F-005148,F-005149,F-005150,F-005151,F-005152,F-005153,F-005154,F-005155,F-005156,F-005157,F-005158,F-005159,F-005160,F-005161,F-005162,F-005163,F-005164,F-005165,F-005166,F-005167,F-005168,F-005169,F-005170,F-005171,F-005172,F-005173,F-005174,F-005175,F-005176,F-005177,F-005178,F-005179,F-005180,F-005181,F-005182,F-005183
Governance Toolkit	TOOL-0074	10.4 التشغيل الموحد بضغطة زر	20	F-005184,F-005185,F-005186,F-005187,F-005188,F-005189,F-005190,F-005191,F-005192,F-005193,F-005194,F-005195,F-005196,F-005197,F-005198,F-005199,F-005200,F-005201,F-005202,F-005203
Governance Toolkit	TOOL-0075	10.5 سجل العمليات وإعادة التنفيذ	45	F-005204,F-005205,F-005206,F-005207,F-005208,F-005209,F-005210,F-005211,F-005212,F-005213,F-005214,F-005215,F-005216,F-005217,F-005218,F-005219,F-005220,F-005221,F-005222,F-005223,F-005224,F-005225,F-005226,F-005227,F-005228,F-005229,F-005230,F-005231,F-005232,F-005233,F-005234,F-005235,F-005236,F-005237,F-005238,F-005239,F-005240,F-005241,F-005242,F-005243,F-005244,F-005245,F-005246,F-005247,F-005248
Governance Toolkit	TOOL-0076	10.6 المقارنة المتقدمة	112	F-005249,F-005250,F-005251,F-005252,F-005253,F-005254,F-005255,F-005256,F-005257,F-005258,F-005259,F-005260,F-005261,F-005262,F-005263,F-005264,F-005265,F-005266,F-005267,F-005268,F-005269,F-005270,F-005271,F-005272,F-005273,F-005274,F-005275,F-005276,F-005277,F-005278,F-005279,F-005280,F-005281,F-005282,F-005283,F-005284,F-005285,F-005286,F-005287,F-005288,F-005289,F-005290,F-005291,F-005292,F-005293,F-005294,F-005295,F-005296,F-005297,F-005298,F-005299,F-005300,F-005301,F-005302,F-005303,F-005304,F-005305,F-005306,F-005307,F-005308,F-005309,F-005310,F-005311,F-005312,F-005313,F-005314,F-005315,F-005316,F-005317,F-005318,F-005319,F-005320,F-005321,F-005322,F-005323,F-005324,F-005325,F-005326,F-005327,F-005328,F-005329,F-005330,F-005331,F-005332,F-005333,F-005334,F-005335,F-005336,F-005337,F-005338,F-005339,F-005340,F-005341,F-005342,F-005343,F-005344,F-005345,F-005346,F-005347,F-005348,F-005349,F-005350,F-005351,F-005352,F-005353,F-005354,F-005355,F-005356,F-005357,F-005358,F-005359,F-005360
Governance Toolkit	TOOL-0077	10.7 النسخ والإصدارات	23	F-005361,F-005362,F-005363,F-005364,F-005365,F-005366,F-005367,F-005368,F-005369,F-005370,F-005371,F-005372,F-005373,F-005374,F-005375,F-005376,F-005377,F-005378,F-005379,F-005380,F-005381,F-005382,F-005383
Governance Toolkit	TOOL-0078	المدير التنفيذي	1	F-005384
Governance Toolkit	TOOL-0079	محلل البيانات	1	F-005385
Governance Toolkit	TOOL-0080	الجهة الحكومية	1	F-005386
Governance Toolkit	TOOL-0081	مستويات المنتج	6	F-005391,F-005392,F-005393,F-005394,F-005395,F-005396
Governance Toolkit	TOOL-0082	التوسعات المستقبلية	9	F-005397,F-005398,F-005399,F-005400,F-005401,F-005402,F-005403,F-005404,F-005405
Governance Toolkit	TOOL-0083	متطلبات القابلية للتوسع	7	F-005406,F-005407,F-005408,F-005409,F-005410,F-005411,F-005412
